relative_path,source_name,sha256,size_bytes,category,status
handoff/READY_FOR_CODEX_HANDOFF_skladove_karty.md,READY_FOR_CODEX_HANDOFF_skladove_karty.md,9b09df4b29710a2b3efaec1a1c0528da3702ef295c508c6e910edaa84b053336,33846,handoff,INCLUDED
evidence/ui/27407336-a38d-491a-a7d2-73643b3e1df8.png,27407336-a38d-491a-a7d2-73643b3e1df8.png,e65b2c78b3cee47ca16d408ea616c3d4c543c2fc388c55739e72275e01fc205b,394596,ui,INCLUDED
evidence/ui/2cced55a-978c-496b-8746-c6fb5c7a4393.png,2cced55a-978c-496b-8746-c6fb5c7a4393.png,71ac60f3de0888d40afad396840fc7b2c15d9927082e1086aac9625332f71da2,370802,ui,INCLUDED
evidence/ui/35ec7a68-0e1a-4e8a-90a7-a1e2c4ae027b.png,35ec7a68-0e1a-4e8a-90a7-a1e2c4ae027b.png,fdd890b10fe6a7a69b29141b0fefb5dd4b6dbe210e93b8894e16fcc6f12f4cdc,408127,ui,INCLUDED
evidence/ui/3fedbd14-6be7-4c36-b96c-a73f90c13df2.png,3fedbd14-6be7-4c36-b96c-a73f90c13df2.png,1d03b4c197ef44ed0f33a7c663dab1325831edaf03ca16ff0870da9ce688d9fc,559502,ui,INCLUDED
evidence/ui/59d4e071-f8f3-41d5-b4b6-37832af3989c.png,59d4e071-f8f3-41d5-b4b6-37832af3989c.png,c9be52a43979c42d924d389ee68472b5569151b66bdef4bcb0bca567a2261b79,626846,ui,INCLUDED
evidence/ui/75cddf43-f302-49d6-8f7d-12fbf58b90b7.png,75cddf43-f302-49d6-8f7d-12fbf58b90b7.png,631dfaa8445c553d1a545024c716399e28e3a17a8b0d6e3792685498f2fbf1b0,337143,ui,INCLUDED
evidence/ui/84913f84-9692-41cc-a634-8edb72f3c9d8.png,84913f84-9692-41cc-a634-8edb72f3c9d8.png,b70c1b1154c0393eb7eaeb5b8061a1d51a64a95bb3fd19bf288beb2061935658,586986,ui,INCLUDED
evidence/ui/9757b49d-215e-45e7-bae4-6366c257ab52.png,9757b49d-215e-45e7-bae4-6366c257ab52.png,1251e175342f4ff192d84069353ba0523ce4499e90944cfcc560663451baaf0c,301735,ui,INCLUDED
evidence/mapping-packs/Číslovenie%20skladových%20kariet.xlsx,Číslovenie%20skladových%20kariet.xlsx,f49c47717e2977390088c4aef24486b8a6c0ddffa1ec270901808f3829b26e41,10573,mapping-packs,INCLUDED
evidence/mapping-packs/LC-01 — všetci source-visible calleri lifecycle procedúr.xlsx,LC-01 — všetci source-visible calleri lifecycle procedúr.xlsx,327c213162827c9ffafce24dd6c3349d511ab3468e695ee4ec098abf1331608f,9852,mapping-packs,INCLUDED
evidence/mapping-packs/LC-02 — úplný downstream MC_UKONCENY_PREDAJ_SK.xlsx,LC-02 — úplný downstream MC_UKONCENY_PREDAJ_SK.xlsx,5052a86e078b9b698671520346f897cdb895925fa506f18a77dcf9ee1e4a93cc,17800,mapping-packs,INCLUDED
evidence/mapping-packs/LC-04 — current population test automatizácie vypredaj a zasoba.xlsx,LC-04 — current population test automatizácie vypredaj a zasoba.xlsx,62adaa1adf3599adfb9d3df3cb60a493d9ac92108799e465dcaf8f8de9ff506b,18938,mapping-packs,INCLUDED
evidence/mapping-packs/LC-05 — status writer caller context.xlsx,LC-05 — status writer caller context.xlsx,f98a91a02e607dd3f4368206b49402cb3d814c641b6ea25ab4a272429a6f0a97,39002,mapping-packs,INCLUDED
evidence/mapping-packs/LC-06 — runtime evidence forecast zeroing.xlsx,LC-06 — runtime evidence forecast zeroing.xlsx,79184824ece4dcbcb03b9f48dc86d9fd327a0e3d416e3fc07e76052ace3711a8,48940,mapping-packs,INCLUDED
evidence/mapping-packs/LC-07 — Nezadaný dôvod blokácie constant.xlsx,LC-07 — Nezadaný dôvod blokácie constant.xlsx,70b5a1ed5b9ada14efe132c5f9b27b501a7163db59750168d9b275dab620ce90,9326,mapping-packs,INCLUDED
evidence/mapping-packs/LC-08 — C_CIS_STAV_HIST PoznacZmenuDBPola.xlsx,LC-08 — C_CIS_STAV_HIST PoznacZmenuDBPola.xlsx,821d1f19b959184e407dcd33cc50638c389989ca17e3a1412195601bb2eb0454,18929,mapping-packs,INCLUDED
evidence/mapping-packs/LM-01A — kandidátne tabuľky logistického masteru.xlsx,LM-01A — kandidátne tabuľky logistického masteru.xlsx,575cfb6ecc02c51e85079e76a34b2e98c35296860cc9f858e1846e4fbb85ccb9,60281,mapping-packs,INCLUDED
evidence/mapping-packs/LM-01B — deklarované FK okolo SKLAD_KARTA_LB.xlsx,LM-01B — deklarované FK okolo SKLAD_KARTA_LB.xlsx,d3504041e2acfc3c4c8f246990dc294d1ee390a2df7b51adfb025391b2c46de3,13797,mapping-packs,INCLUDED
evidence/mapping-packs/LM-01C — fyzický inventár SKLAD_KARTA_LB + B_KOD_U.xlsx,LM-01C — fyzický inventár SKLAD_KARTA_LB + B_KOD_U.xlsx,075677d4be0e307fd49feebf35f86cadcdff3dddd075c2d1d8db5c23eee820af,14725,mapping-packs,INCLUDED
evidence/mapping-packs/LM-01D — source-dependency surface logistických tabuliek.xlsx,LM-01D — source-dependency surface logistických tabuliek.xlsx,902229f5455219e32d700e672f470ce99725820099c30fabfaf6b4da54ef7389,12317,mapping-packs,INCLUDED
evidence/mapping-packs/LM-02A — úplný physical inventory štyroch objektov.xlsx,LM-02A — úplný physical inventory štyroch objektov.xlsx,21ebecdaefd442eca77b3a4f8b1f4c7bbb36016c734b013bfe546c2cdb84f690,27233,mapping-packs,INCLUDED
evidence/mapping-packs/LM-02B — constraints + declared relationships.xlsx,LM-02B — constraints + declared relationships.xlsx,ec085a13b9db7bb7883921035f95d2d45ae82d4c986a3011f45f855e21f51ae1,18718,mapping-packs,INCLUDED
evidence/mapping-packs/LM-02B2 — logistics master check constraints.xlsx,LM-02B2 — logistics master check constraints.xlsx,6909f1dc6204aa0400781d10a3fd26e83c0765eac753990a5924e4fa5d73a3d6,12704,mapping-packs,INCLUDED
evidence/mapping-packs/LM-02C — indexes.xlsx,LM-02C — indexes.xlsx,f8863b63237f5913d3a9a086eee5b196c1ab66d79932532941e6a4ef9f760f15,11053,mapping-packs,INCLUDED
evidence/mapping-packs/LM-02D — kompletný source triggerov.xlsx,LM-02D — kompletný source triggerov.xlsx,b869228bdaa8b78a7697ffe0c4a248781a9952daa2ecdcca4e7e7547b073ef64,25641,mapping-packs,INCLUDED
evidence/mapping-packs/LM-02E — live population a JOIN-cardinality closure.xlsx,LM-02E — live population a JOIN-cardinality closure.xlsx,ef7e504f8ddfe12b15561d3b9cc3dd295a51ee2605c5082153ce4e52b0efb956,9925,mapping-packs,INCLUDED
evidence/mapping-packs/LM-02F — package source.xlsx,LM-02F — package source.xlsx,c9859d7b10f8ee00f9d6d07bf7b1f39b8c82086615ef8f76ec496a3b85649900,157357,mapping-packs,INCLUDED
evidence/mapping-packs/LM-02G — global source-hit index.xlsx,LM-02G — global source-hit index.xlsx,fde8db244d5e8e11a55ffa9c7ded8f680c2ea2b6e5887e88665cb2e53b072b4c,93116,mapping-packs,INCLUDED
evidence/mapping-packs/LM-02H — čitateľná current hierarchy sample.xlsx,LM-02H — čitateľná current hierarchy sample.xlsx,289e19be5636c957ad57753a43562b942ecf761b535f28b8d877d413f8f55337,211574,mapping-packs,INCLUDED
evidence/mapping-packs/LM-03A — active logistics coverage a hlavné balenie.xlsx,LM-03A — active logistics coverage a hlavné balenie.xlsx,96d3a3fd1f099484fd873b486c0fb383f45618e15f36d3203c5a2b60173edaf9,9481,mapping-packs,INCLUDED
evidence/mapping-packs/LM-03B — logistics readiness po jednej SKU.xlsx,LM-03B — logistics readiness po jednej SKU.xlsx,45cbeb546d1161e5cc9441f00c708099ec481d0fcf3f2df09e84c86dea5a44ae,89487,mapping-packs,INCLUDED
evidence/mapping-packs/LM-03C — LB - B_KOD_U consistency audit.xlsx,LM-03C — LB - B_KOD_U consistency audit.xlsx,bc678cf4c3c5d7a606f1feb8f9c7facb3ce6729caf7adf7a6762dcabd5e13906,9449,mapping-packs,INCLUDED
evidence/mapping-packs/LM-03D — C_IMP supplier master flow.xlsx,LM-03D — C_IMP supplier master flow.xlsx,b0d2bc2877060f852ab5633fe4b28c69987b6d1be575dc28525b1e30508ac933,96452,mapping-packs,INCLUDED
evidence/mapping-packs/LM-04A — detail všetkých logistických výnimiek.xlsx,LM-04A — detail všetkých logistických výnimiek.xlsx,cbf7493149930765f3ecd823e5fbdbbb330b2cd5c4cc88e6f8cbab3aabd17148,16415,mapping-packs,INCLUDED
evidence/mapping-packs/MP01-A — úplný fyzický inventár polí.xlsx,MP01-A — úplný fyzický inventár polí.xlsx,b1a74961812b6e902b775c00449e520fa08c97ccc27be6faa7e913e7e01dc98c,21480,mapping-packs,INCLUDED
evidence/mapping-packs/MP01-B — constraints SKLAD_KARTA.xlsx,MP01-B — constraints SKLAD_KARTA.xlsx,eb09e924ebc3e829241d5caad8894c87efac12db14c79ac73b0c5d4493c9a299,20346,mapping-packs,INCLUDED
evidence/mapping-packs/MP01-C — všetky deklarované FK smerujúce do SKLAD_KARTA.xlsx,MP01-C — všetky deklarované FK smerujúce do SKLAD_KARTA.xlsx,a4f14039138748bbd83bcb691eaa3c9766a01e02667a6089cc455fee224606b7,27832,mapping-packs,INCLUDED
evidence/mapping-packs/MP01-D — indexy.xlsx,MP01-D — indexy.xlsx,0b3651865820e6589b0299d4b09b1546ddcaa6a6bf7d50ddf90c5d50340632cd,10953,mapping-packs,INCLUDED
evidence/mapping-packs/MP01-E — triggery priamo nad SKLAD_KARTA.xlsx,MP01-E — triggery priamo nad SKLAD_KARTA.xlsx,e79448984d46d8f3c084a08fc8e9e20a45db763e61fe60afd7ca4edd087592de,10364,mapping-packs,INCLUDED
evidence/mapping-packs/MP01-F — objektová rodina SKLAD_KARTA.xlsx,MP01-F — objektová rodina SKLAD_KARTA.xlsx,21af757ebf3625bbb2641ab6661b5bc3a3fb3c3f3c82ad59f142fc794adcea05,12197,mapping-packs,INCLUDED
evidence/mapping-packs/MP01-G — direct dependency surface.xlsx,MP01-G — direct dependency surface.xlsx,7f86916cdb445b903173cf2d9c08b3b14e6aac7c8cf614498e6370bcfbeaecf7,24198,mapping-packs,INCLUDED
evidence/mapping-packs/MP02-A — population + identity profile.xlsx,MP02-A — population + identity profile.xlsx,4a7030dfac4bb5596ffcfbbdee8a603f9c41fcfb8019adb071b7f36aceb1eafa,9466,mapping-packs,INCLUDED
evidence/mapping-packs/MP02-B — hlavné value domains.xlsx,MP02-B — hlavné value domains.xlsx,904cb18473a494053ec03add6a49fbcd6e52d259c3ded1fe7153c05e607db4da,10743,mapping-packs,INCLUDED
evidence/mapping-packs/MP02-C — temporal-audit profil.xlsx,MP02-C — temporal-audit profil.xlsx,fb6337600ea69de1f6291b90390f51d838cde174d57b1eeaa4ffb7d828125451,9555,mapping-packs,INCLUDED
evidence/mapping-packs/MP02-D — balenie a množstevné master atribúty.xlsx,MP02-D — balenie a množstevné master atribúty.xlsx,781926185a6b40e8812ba8c25bdcd1152439ec8415480b6b8437a87f4e296fbf,9723,mapping-packs,INCLUDED
evidence/mapping-packs/MP02-E — fyzické-logistické master atribúty.xlsx,MP02-E — fyzické-logistické master atribúty.xlsx,39c300c59239334bbd53140b480ad3bdfebb6142f3084d050875590b41209d76,9797,mapping-packs,INCLUDED
evidence/mapping-packs/MP02-F — self-reference population.xlsx,MP02-F — self-reference population.xlsx,2fb1c39bf4336f6e701cf595ed035602690bcc95646cea8fbfd6322c2c844b36,9428,mapping-packs,INCLUDED
evidence/mapping-packs/MP02-G — čitateľná živá vzorka.xlsx,MP02-G — čitateľná živá vzorka.xlsx,36f04e78efed39dd14a277ce298b33889d039b77d831e3f204845549093ee5e8,364933,mapping-packs,INCLUDED
evidence/mapping-packs/MP02-I — recent USED=1 vzorka.xlsx,MP02-I — recent USED=1 vzorka.xlsx,062a777ced19a4cb9e856e2945b24aa7dfcc7cd914ff3b10add91a35e4a8957d,115400,mapping-packs,INCLUDED
evidence/mapping-packs/MP02-J — STAVY_SK.xlsx,MP02-J — STAVY_SK.xlsx,79ba5eed1ea8f777a6770b6837079f779a2f7268c18f391dbdc19e41e65b7fad,10587,mapping-packs,INCLUDED
evidence/mapping-packs/MP02-K — UCTY_SK.xlsx,MP02-K — UCTY_SK.xlsx,dfbfbabb72a58922877f08ce29fccac07773115312d1f5a00feb11c40e977239,23889,mapping-packs,INCLUDED
evidence/mapping-packs/MP02-L — dva používané typy skladovej karty.xlsx,MP02-L — dva používané typy skladovej karty.xlsx,7ccad5278436f29a8330fd9dcc84deece50186071ba69390573ea51fa88a3a65,10462,mapping-packs,INCLUDED
evidence/mapping-packs/MP03-A — kompletný source 21 priamych triggerov.xlsx,MP03-A — kompletný source 21 priamych triggerov.xlsx,ba08d2ce2629e940ee27f6eca72150597196b1625e0307f98fbf4c27bdad1e4d,46023,mapping-packs,INCLUDED
evidence/mapping-packs/MP03-B — C_SKLAD_KARTA package + body.xlsx,MP03-B — C_SKLAD_KARTA package + body.xlsx,bf6545ae1c442d0a91195465b737d997b2555881de1bb8c24cf74fa1985b1d23,348568,mapping-packs,INCLUDED
evidence/mapping-packs/MP03-C — globálny source-hit index SKLAD_KARTA.xlsx,MP03-C — globálny source-hit index SKLAD_KARTA.xlsx,a675531514eef13572757d1cac827f7797cadf2e5557a996e5a236e738ff8237,431023,mapping-packs,INCLUDED
evidence/mapping-packs/MP03-D — context všetkých externých direct writerov.xlsx,MP03-D — context všetkých externých direct writerov.xlsx,08a5a82a65bab3bbae2c10faf880d285ebcdf2375c117caaddf1964c1ae9cebc,158972,mapping-packs,INCLUDED
evidence/mapping-packs/MP03-E — stavová-blocking logika C_STAV_SK.xlsx,MP03-E — stavová-blocking logika C_STAV_SK.xlsx,baef4a9737700d4a8db4166015ad1968fb16f58dfda13f3b054ea7d50b52cf46,27875,mapping-packs,INCLUDED
"evidence/mapping-packs/MP03-F — lifecycle, forecast a history caller context.xlsx","MP03-F — lifecycle, forecast a history caller context.xlsx",111a6a3993b466807bf1afd430a493561138c2450c0f0ff53045c233e9c9d625,54396,mapping-packs,INCLUDED
evidence/mapping-packs/MP04-A — interní Oracle calleri.xlsx,MP04-A — interní Oracle calleri.xlsx,dc964f977e4a838255b8a500fbb672b45ea5e6c327c4c083a175f45df03aa5c1,16179,mapping-packs,INCLUDED
evidence/mapping-packs/MP04-C — synonyms.xlsx,MP04-C — synonyms.xlsx,b96f6f104e812ad5c824a4ed4764551a5bc01edfd407786f8d8f5c965000947f,9283,mapping-packs,INCLUDED
evidence/mapping-packs/MP04-D — grants - capabilities.xlsx,MP04-D — grants - capabilities.xlsx,c011adde44590c96e0ffa08fe8579ee7c0a595c431720d954063136ef81a1c3a,9786,mapping-packs,INCLUDED
evidence/mapping-packs/MP04-E — dependent views + ich output shape.xlsx,MP04-E — dependent views + ich output shape.xlsx,ee5236e3bf49d72477fc454284cfc14828e693e967db0513a937cd0f8b17bc34,50218,mapping-packs,INCLUDED
evidence/mapping-packs/MP05-A — business lookup target shapes.xlsx,MP05-A — business lookup target shapes.xlsx,f14f16ac5d3c4e6d51aba4cc4b76703d46a29c7496afc46cdae8b43d1d48fdce,30081,mapping-packs,INCLUDED
evidence/mapping-packs/MP05-A2.xlsx,MP05-A2.xlsx,c832071cc070c41595dff11f65eaf2163958f588edc0bedbb3098386035d7ebe,34161,mapping-packs,INCLUDED
evidence/mapping-packs/MP05-B — current business population model.xlsx,MP05-B — current business population model.xlsx,c86a0a926ae6c5f4c15b0b754cb520107b26f0fceb47bb1b7de802f9c93e04db,21305,mapping-packs,INCLUDED
evidence/mapping-packs/MP05-C — relationship a DQ closure.XLS,MP05-C — relationship a DQ closure.XLS,2a4fb7a0e40a7c7da67741c9ab7109bdaf9806640333c9769e2ac76063844e94,4608,mapping-packs,INCLUDED
evidence/mapping-packs/NOV-04 — impact analysis raw STAV=1.xlsx,NOV-04 — impact analysis raw STAV=1.xlsx,a5b418833ed71ba1a603d636a3c53257efbca19ff7185050e6eab89e058f2af8,113130,mapping-packs,INCLUDED
evidence/mapping-packs/NOV-06 — candidate action metadata tables.xlsx,NOV-06 — candidate action metadata tables.xlsx,e1d49d3dadb02be69a40f97a03c2e9e161f2b1ffb6b05e00f297c3c7d4057bac,15642,mapping-packs,INCLUDED
evidence/mapping-packs/NOV-08 — kto obsluhuje B_JOB_DEF-B_JOB_QUE.xlsx,NOV-08 — kto obsluhuje B_JOB_DEF-B_JOB_QUE.xlsx,2142c3e76e074aeb60ba3b45878746fd633072320d81a36214cffde720e80eb1,13781,mapping-packs,INCLUDED
evidence/mapping-packs/NOV-09 — šesť historických Noviniek vznik a história.xlsx,NOV-09 — šesť historických Noviniek vznik a história.xlsx,2326fe951b279e9ad209d8ef15c147b24c0d2c39af53bc00c3e59fadc51b5e36,10232,mapping-packs,INCLUDED
evidence/mapping-packs/NOV-09B — historical Novinka state history.xlsx,NOV-09B — historical Novinka state history.xlsx,5c907aeef8984889fe5e873eff30c623ffb441e3b9752b219fd983253c182258,9808,mapping-packs,INCLUDED
evidence/mapping-packs/PM-01 — discovery všetkých master satellites.xlsx,PM-01 — discovery všetkých master satellites.xlsx,2236a1117d7914178fb9d297775259d83ed9e7c925e076227c82872bcb7d31ea,27812,mapping-packs,INCLUDED
evidence/mapping-packs/PM-02A — úplný field dictionary významných satelitov.xlsx,PM-02A — úplný field dictionary významných satelitov.xlsx,8ba0721a8617a11f7b624c2808691873440a2612fd4db6b211e5a288ce186d18,23044,mapping-packs,INCLUDED
"evidence/mapping-packs/PM-02B — constraints, indexy a triggery v jednom packu.xlsx","PM-02B — constraints, indexy a triggery v jednom packu.xlsx",aeb2a8473b54123b5ff9b4e447b6a1c28119be3f59ea1f3f17cf471919c3db9e,25018,mapping-packs,INCLUDED
evidence/mapping-packs/PM-02C — live population a väzba na SKLAD_KARTA.xlsx,PM-02C — live population a väzba na SKLAD_KARTA.xlsx,6d43a211ab3911ce4364f69ea10e2601123a42caf33d4663194ca9ceee749b37,9686,mapping-packs,INCLUDED
evidence/mapping-packs/PM-02D — kompletný source-hit index satelitov.xlsx,PM-02D — kompletný source-hit index satelitov.xlsx,6ec2efdefe0c137e45c54b08252e8946d2e4a8e17abf944ceb92a5319ee402a9,71384,mapping-packs,INCLUDED
evidence/mapping-packs/PM-02E — kompletný source triggerov týchto tabuliek.xlsx,PM-02E — kompletný source triggerov týchto tabuliek.xlsx,a2c8de6040b8c6915ed151a163691de070d4ba42bb5772875d79d4b53d08e42e,23410,mapping-packs,INCLUDED
evidence/mapping-packs/PM-02F — SKLAD_KARTA_VAZBY view definition.xlsx,PM-02F — SKLAD_KARTA_VAZBY view definition.xlsx,f4b10aee2f12191da6dc2925b738f83a3b0deb394ee93a8dcb4486ecf076c556,9432,mapping-packs,INCLUDED
evidence/mapping-packs/PM-03A — discovery nákladových koeficientov a Doplnkových údajov.xlsx,PM-03A — discovery nákladových koeficientov a Doplnkových údajov.xlsx,37c947dea72a4dc686814d1ed6a8941331729f6fa6c6e3eaebedab3c4ca31243,19069,mapping-packs,INCLUDED
evidence/mapping-packs/PM-03B — úplný outbound relationship register Product Masteru.xlsx,PM-03B — úplný outbound relationship register Product Masteru.xlsx,ac6dbd7023717937abe683092cf723d7ed8f84119e86e8dce10f35d63721f808,15080,mapping-packs,INCLUDED
evidence/mapping-packs/PM-03C — fyzický shape všetkých priamych reference objektov.xlsx,PM-03C — fyzický shape všetkých priamych reference objektov.xlsx,80cdacb17f8259e6091cbd07f659764c51048a1f5916528d57e427cd40d34357,88689,mapping-packs,INCLUDED
evidence/mapping-packs/PM-03D — live domény priamych polí bez potvrdeného FK.xlsx,PM-03D — live domény priamych polí bez potvrdeného FK.xlsx,be1a2224ef5ce84f424f0da59c0b862d3bb708469ee926f8ddaedf445ca3b46c,13632,mapping-packs,INCLUDED
evidence/mapping-packs/PM-03E — candidate generic CIS_X číselníky.xlsx,PM-03E — candidate generic CIS_X číselníky.xlsx,f5fe810b6123b9d39a327f5b2ccca15de82f0de6f942a9eddf2012e7fc7dd7a1,9841,mapping-packs,INCLUDED
evidence/mapping-packs/PM-03F — úplný source package nákladových koeficientov.xlsx,PM-03F — úplný source package nákladových koeficientov.xlsx,00085e041a0f93da025410430743d79826a671b47c649a45933a3055ceb5b819,75445,mapping-packs,INCLUDED
evidence/mapping-packs/PM-03G — globálny source-hit index nákladových koeficientov.xlsx,PM-03G — globálny source-hit index nákladových koeficientov.xlsx,e980efc58cb2b53d8d252a2fc1af336349b3488498e7cbacafc1afac4d85c59e,25465,mapping-packs,INCLUDED
evidence/mapping-packs/PM-03H — úplná live validácia rodín INT_KOD.xlsx,PM-03H — úplná live validácia rodín INT_KOD.xlsx,8c12284a938d7a8075925d6c1dd3e71124c2fdfaa913953ecf91deec180c4bf6,624719,mapping-packs,INCLUDED
evidence/mapping-packs/PM-04A — úplný physical contract nákladových koeficientov.xlsx,PM-04A — úplný physical contract nákladových koeficientov.xlsx,3a0cb3740ab9097281a41771a14e474d4e76603f061888239a0eff2c9995f073,14318,mapping-packs,INCLUDED
"evidence/mapping-packs/PM-04B — constraints, indexy a triggery koeficientovej vetvy.xlsx","PM-04B — constraints, indexy a triggery koeficientovej vetvy.xlsx",4361debd05a101cf602b86798b3be5f3b20b6c6e49cb21cca6124d417a86e953,13508,mapping-packs,INCLUDED
evidence/mapping-packs/PM-04C — current registry nákladových koeficientov + reálne používanie.xlsx,PM-04C — current registry nákladových koeficientov + reálne používanie.xlsx,0c2776d97bea380b21916327649b95f4d0e997f71506c625595ac092784dcf56,14204,mapping-packs,INCLUDED
evidence/mapping-packs/PM-04D — current nákladové položky skladových kariet.xlsx,PM-04D — current nákladové položky skladových kariet.xlsx,bfcd30dfb8a7e695f768f69f250079a710df4e2167649d6b13f1cade95cf5940,575108,mapping-packs,INCLUDED
evidence/mapping-packs/PM-04F — automatický kusovníkový prepočet + runtime caller:job closure.xlsx,PM-04F — automatický kusovníkový prepočet + runtime caller:job closure.xlsx,862836ada747721ec3c79bab803db61f0fa060c9a337556da0e3b47c7876198b,18543,mapping-packs,INCLUDED
evidence/mapping-packs/PM-04F — automatický kusovníkový prepočetme caller-job closure.xlsx,PM-04F — automatický kusovníkový prepočetme caller-job closure.xlsx,0eff0ebfcd878ec24c10afbf4cdb1a5f9183dccaf01d74a746857ace320f5b1c,13217,mapping-packs,INCLUDED
evidence/mapping-packs/PM-04G — CIS_DU_O ako Doplnkové údaje skladovej karty.xlsx,PM-04G — CIS_DU_O ako Doplnkové údaje skladovej karty.xlsx,3960f0ef2833b90c46b41e9edac0be335904154dd1abbbb6c35c875a40841165,596763,mapping-packs,INCLUDED
evidence/mapping-packs/PM-04H — authoritative API source core satelitov.xlsx,PM-04H — authoritative API source core satelitov.xlsx,c5ce9220901f5e9781543d1363735695405875fd9bff21470c3ce086cff23969,139321,mapping-packs,INCLUDED
evidence/mapping-packs/PM-04I — live resolution zostávajúcich direct references.xlsx,PM-04I — live resolution zostávajúcich direct references.xlsx,249a0484e9155ef52f5391fb0f4eec2c63027d365c800b7aa3a818d16ce2b805,26814,mapping-packs,INCLUDED
evidence/mapping-packs/PM-05A — complete trigger source cost coefficients + CIS_DU.xlsx,PM-05A — complete trigger source cost coefficients + CIS_DU.xlsx,1615d2d51100c5cbd9cb3a68a6b63078fdfc559f1843a0069e7eba75bb55a521,19279,mapping-packs,INCLUDED
evidence/mapping-packs/PM-05B — cost coefficient temporal + DQ closure.xlsx,PM-05B — cost coefficient temporal + DQ closure.xlsx,6376c98bf2cf67b1a2d9c9e7eded5821838f281965fbdb9dd340875b5500cc6b,9577,mapping-packs,INCLUDED
evidence/mapping-packs/PM-05C — live grain closure core satellites.xlsx,PM-05C — live grain closure core satellites.xlsx,f02bf33f8e9793a597aea2415bc784f51b43173545b44f1683126b3e6aed0ade,9682,mapping-packs,INCLUDED
evidence/mapping-packs/PM-05D — current store-logistics master.xlsx,PM-05D — current store-logistics master.xlsx,fb7837bdafdb973fb351d89276cbdfceceb2a48fa049968b7839ebab6e8d7370,322754,mapping-packs,INCLUDED
evidence/mapping-packs/PM-05E — current supplier master + root synchronization.xlsx,PM-05E — current supplier master + root synchronization.xlsx,344ac90c6e38d931fd4755485157d19abf3fe397c1daa43117401254ada1da4a,31296,mapping-packs,INCLUDED
evidence/mapping-packs/PM-05F — current local VAT overrides.xlsx,PM-05F — current local VAT overrides.xlsx,4bbb7c755a7cddcf08a0db07454a668c00e4bb5723a914ec8fb19542b8f8ad58,213933,mapping-packs,INCLUDED
evidence/mapping-packs/PM-05G — current partner-specific product codes.xlsx,PM-05G — current partner-specific product codes.xlsx,6bd8c8f658951df7259cde9db3bdcbb88f1efb894d0bda6e65e8ec6ddef15ef9,34633,mapping-packs,INCLUDED
evidence/mapping-packs/PM-05H — discovery definície celej vrstvy CIS_DU.xlsx,PM-05H — discovery definície celej vrstvy CIS_DU.xlsx,877b83b884218da4ac4933ecdd6fe580e982ecfe66a6112bba6608e1c1b1f288,61757,mapping-packs,INCLUDED
evidence/mapping-packs/PM-05I — complete current DU_1..DU_40 matrix for skladové karty.xlsx,PM-05I — complete current DU_1..DU_40 matrix for skladové karty.xlsx,01b57cc967288e9dbe3bd312c3c08bd91cf38b3b78861cd40eeb3adb21b76fa6,124870,mapping-packs,INCLUDED
evidence/mapping-packs/PM-06A — definície Doplnkových údajov pre SKLAD_KARTA.xlsx,PM-06A — definície Doplnkových údajov pre SKLAD_KARTA.xlsx,4c26b4c430c4f0e4770a40796cfb24ed09b4f033eb5fe1199f2894b020fb8d19,10286,mapping-packs,INCLUDED
evidence/mapping-packs/PM-06B — regulačné-reportingové flow nákladových koeficientov.xlsx,PM-06B — regulačné-reportingové flow nákladových koeficientov.xlsx,0f85f56b8d9aace3a4af9e3695ffdf7967f4d06611d05c642cc5988d8a983982,33684,mapping-packs,INCLUDED
evidence/mapping-packs/PM-06C — audit správnosti BOM-auto koeficientov.xlsx,PM-06C — audit správnosti BOM-auto koeficientov.xlsx,6f53088c53107730d0f89f4aaf9e4640b0f7f191d1c295dfb67ded128264559a,83950,mapping-packs,INCLUDED
evidence/mapping-packs/PM-07A — component-level dôkaz overwrite problému.xlsx,PM-07A — component-level dôkaz overwrite problému.xlsx,3e07000b4617d6b84a1082bf67da999eb50e18f0925a2c0d2032c0d30b3aee8c,30393,mapping-packs,INCLUDED
evidence/mapping-packs/PM-07B — stale BOM-auto coefficient root cause.xlsx,PM-07B — stale BOM-auto coefficient root cause.xlsx,49b2a82097e786b03b16bcccd0a85c4380c3f03b062d2c8704e9b039cae327a1,20964,mapping-packs,INCLUDED
evidence/mapping-packs/PM-07C — sugar-tax assignment history - report fan-out risk.xlsx,PM-07C — sugar-tax assignment history - report fan-out risk.xlsx,11fdceba2d08ddb2bb994af4be1a4a518593ee276439067e190f16f2118c29e2,22997,mapping-packs,INCLUDED
evidence/mapping-packs/PM-07D — supplemental-data datatype definitions.xlsx,PM-07D — supplemental-data datatype definitions.xlsx,de339db80699d5c328ccf50d107f2bb253ab7f621ad98192e1cd11d80a659217,9429,mapping-packs,INCLUDED
evidence/mapping-packs/PM-08A — physical model alergénov a poznámok.xlsx,PM-08A — physical model alergénov a poznámok.xlsx,3ecb1751174bffb87e7ee5483cd5b305e9d282319d9b91c26875b9cd227f406d,11412,mapping-packs,INCLUDED
"evidence/mapping-packs/PM-08B — constraints, indexy a triggery.xlsx","PM-08B — constraints, indexy a triggery.xlsx",b4d098d4de41f91f16260fdabdcae7f19e5f5006e6ff156723c11310812f030d,11335,mapping-packs,INCLUDED
"evidence/mapping-packs/PM-08C — source flow alergénov, poznámok a flags.xlsx","PM-08C — source flow alergénov, poznámok a flags.xlsx",092850e232cd3c0fb661f1e30ea57a969ef2e477e1528ea50f330ea5431df7a9,49033,mapping-packs,INCLUDED
evidence/mapping-packs/PM-08D — allergen-reference dictionary raw.xlsx,PM-08D — allergen-reference dictionary raw.xlsx,47f95ed9a5f6a2584ee5b6e1ad9a2eb423c7f00aa34f1c42d4d39fa6d818c6a8,10320,mapping-packs,INCLUDED
evidence/mapping-packs/PM-08E — SKU typed notes full population.xlsx,PM-08E — SKU typed notes full population.xlsx,fa6bda432da1d26843d71fd6e8b241a290a4ecd0ac06e31b6a7cbc3a6c1c0065,149986,mapping-packs,INCLUDED
evidence/mapping-packs/PM-08F — SKU flag position live profile.xlsx,PM-08F — SKU flag position live profile.xlsx,9e6e0cf1de270c7084b1586121b83e89a9998db1837a7daa2a78ba0658a18d51,12464,mapping-packs,INCLUDED
evidence/mapping-packs/PM-09A — note type physical model.xlsx,PM-09A — note type physical model.xlsx,b5316eb8a2b8512ed732bce002e60f4bc8c5b6d567b37131c0e094574bce5770,10280,mapping-packs,INCLUDED
evidence/mapping-packs/PM-09B — note type dictionary and usage.xlsx,PM-09B — note type dictionary and usage.xlsx,48ba1039bd8f6d4fa7a892a4445186b0b06c3bd7ebc1bd5e92d7d437a0b7e2bf,16459,mapping-packs,INCLUDED
evidence/mapping-packs/PM-09C — typed notes API lifecycle source.xlsx,PM-09C — typed notes API lifecycle source.xlsx,d36c175f8473ea0b2641969c8d0cdd99e660f7dfb59e002c02f54041b2c13c38,31615,mapping-packs,INCLUDED
evidence/mapping-packs/PM-09D — allergen downstream readers.xlsx,PM-09D — allergen downstream readers.xlsx,9d660037522737c0d9f6799b7a12c01df3551cac2484dd028ed1f3f0e8054d3b,18092,mapping-packs,INCLUDED
evidence/mapping-packs/PM-09E — waste reporting flag12 source.xlsx,PM-09E — waste reporting flag12 source.xlsx,5ecca342a1fef9c21c93a483af19517b207705718c287448496f49e1b569b180,22073,mapping-packs,INCLUDED
evidence/mapping-packs/PM-09F — remaining root fields source closure.xlsx,PM-09F — remaining root fields source closure.xlsx,2f552b1e1b67414332d22a14baaf7c13bf7f4ab089d8c05de9a88d94bab1a5cd,180165,mapping-packs,INCLUDED
evidence/mapping-packs/PM-10A — current waste reporting condition.xlsx,PM-10A — current waste reporting condition.xlsx,9d5f927dd93ec1435c2d171044ab0edc60f21f833e69fa7c2fe2e35946c2fec3,9529,mapping-packs,INCLUDED
evidence/mapping-packs/PM-10B2 — product type current resolution.xlsx,PM-10B2 — product type current resolution.xlsx,bd7311d3d085cae384d4453c15f0ddc495eec136d2e63755695ec3e76cf2514f,11052,mapping-packs,INCLUDED
evidence/mapping-packs/PM-10C — typed note API downstream callers.xlsx,PM-10C — typed note API downstream callers.xlsx,6e59b7081b7fe9e2b5c4d9e36c8d48c731c45e8c2cf77ed855ee328594aefb1d,13534,mapping-packs,INCLUDED
evidence/mapping-packs/PM-10F — replacement equivalence groups.xlsx,PM-10F — replacement equivalence groups.xlsx,6e67d468bfa20b31d43e7d0dcbe60da2ae42750237b777b702eb395a963dcd6f,22116,mapping-packs,INCLUDED
evidence/mapping-packs/PM-10F2 — replacement equivalence active members.xlsx,PM-10F2 — replacement equivalence active members.xlsx,9bb4200269457e2fc1d2cc91d76230827e3f5b506086a6e4552c9fa0795689fd,25773,mapping-packs,INCLUDED
evidence/mapping-packs/PM-11A — recycling fund exact source hits.xlsx,PM-11A — recycling fund exact source hits.xlsx,52d1f8d21252ee60ff5c61aeb8c68565d1b70256c454b6e45c317fc1bd612522,10883,mapping-packs,INCLUDED
evidence/mapping-packs/PM-11B — report registry object structure.xlsx,PM-11B — report registry object structure.xlsx,e3f30af793404aa7d15c93127b098e4060810b2658da33687f0626c50ee444c1,33163,mapping-packs,INCLUDED
evidence/mapping-packs/PM-11C — recycling fund rendered-text source hits.xlsx,PM-11C — recycling fund rendered-text source hits.xlsx,373afcb20c40ba4ca792597ab394623c503193a21227743430d17351c8ce39f3,9432,mapping-packs,INCLUDED
evidence/mapping-packs/PM-11D — recycling fund CRW report registry.xlsx,PM-11D — recycling fund CRW report registry.xlsx,fa8de645f80c16b78997a49439462e120a000fa636b9388c4c448357ad708d4b,10082,mapping-packs,INCLUDED
evidence/mapping-packs/PM-11G — CRW form SQL resolver source.xlsx,PM-11G — CRW form SQL resolver source.xlsx,908ee258c923a5b20f994db0411041080fbac8e64ee218cc46c7fa0237d45fe6,16330,mapping-packs,INCLUDED
evidence/mapping-packs/PM-11H — form SQL registry metadata.xlsx,PM-11H — form SQL registry metadata.xlsx,cd499e01e3df08241431726a531baa38ae35bdd91a347359fcfcb233afa3f25d,10545,mapping-packs,INCLUDED
evidence/mapping-packs/PM-11J — TLAC_NASTAVENIA synonym resolution.xlsx,PM-11J — TLAC_NASTAVENIA synonym resolution.xlsx,2b2ca9f593230a4fcb17eab44c24657f81fb13295d8013ab9f140d2224000279,9372,mapping-packs,INCLUDED
evidence/mapping-packs/PM-11K — TLAC_NASTAVENIA physical metadata.xlsx,PM-11K — TLAC_NASTAVENIA physical metadata.xlsx,16f1ad8af7754679afebd48a04e54c34c9f0bdfaf9ff5775b24aab9cf160cb2e,16100,mapping-packs,INCLUDED
evidence/mapping-packs/PM-11L — recycling fund runtime print settings.xlsx,PM-11L — recycling fund runtime print settings.xlsx,1bd893c44f7689572deded0ce2ded6f9d92a9a4f936546dec25c059eb0b2dfb1,10268,mapping-packs,INCLUDED
evidence/mapping-packs/PM-11N — recycling fund runtime queue SQL.xlsx,PM-11N — recycling fund runtime queue SQL.xlsx,a113e078cd5ed7314585757561c11d4ebff5ba82b47155c42be273079bc111f5,21316,mapping-packs,INCLUDED
evidence/mapping-packs/PM-11P — recycling fund total flag12 reconciliation.xlsx,PM-11P — recycling fund total flag12 reconciliation.xlsx,5dc0489f0e0de5c4b3a153676aa5a85a70e3e59fc1a4f0cfc7f9570b9f858529,9184,mapping-packs,INCLUDED
evidence/mapping-packs/PM-11S1 — recycling fund CZ latest runtime row.xlsx,PM-11S1 — recycling fund CZ latest runtime row.xlsx,a0b070ea3c7273358fb68553fc79c351f415aa13194dcacca7827d5e017f2980,9722,mapping-packs,INCLUDED
evidence/mapping-packs/PM-11S2 — recycling fund CZ RF flag12 check.XLS,PM-11S2 — recycling fund CZ RF flag12 check.XLS,91164fcb82c1a3fba7f00d60d1da5056d6a3fb666259147f9ca776671fd47787,6144,mapping-packs,INCLUDED
evidence/mapping-packs/PM-12A — end of sale forecast reset current source.xlsx,PM-12A — end of sale forecast reset current source.xlsx,65a7e3e227cff5818a6c66a9afba2582bc15f3137984b91d4403a3229ae1ba2a,95516,mapping-packs,INCLUDED
evidence/process-docs/Popis replikácie EAN kódov z SK do CZ databázy.docx,Popis replikácie EAN kódov z SK do CZ databázy.docx,0a544b9751e555db452f5d99d5409896c015ea3472385bea5c94c5a3dcdb034a,37214,process-docs,INCLUDED
evidence/process-docs/Proces - Nákladové koeficienty v1.5.docx,Proces - Nákladové koeficienty v1.5.docx,002a9b0eee6a6952a126103c479ef7ec9b1f1e033d31851504f87ff706a3b63f,41345,process-docs,INCLUDED
evidence/mapping-packs/Skladov_karta_2024-10-25.xlsx,Skladov_karta_2024-10-25.xlsx,53e3364b067bfd5bb35a302339979fdbf41d7de6e7b05333568bed494fbc3be1,45050,mapping-packs,INCLUDED
evidence/process-docs/Skladove_karty_proces_2025-01-30_najnovsia_verzia.docx,Skladove_karty_proces_2025-01-30_najnovsia_verzia.docx,d4ccc1394a0ba165a7296798415287b6bf63cf6a79fed48b5b4608acdf5a4f71,786802,process-docs,INCLUDED
evidence/mapping-packs/Stavy%20skladových%20kariet.xlsx,Stavy%20skladových%20kariet.xlsx,38fe4da5b553f264a443db51a36db2480b8dfc6dc72a3f99bbd5a732021bf673,19186,mapping-packs,INCLUDED
evidence/ui/a1c2ca6e-b893-43a7-a6e5-131d6b787782.png,a1c2ca6e-b893-43a7-a6e5-131d6b787782.png,d8b2e7971f08742f77fe078456849d48e9fbf93b10cdc5489c9fb407aa461f33,99722,ui,INCLUDED
evidence/ui/a3992e3f-b81d-4869-8471-f18731b2cf70.png,a3992e3f-b81d-4869-8471-f18731b2cf70.png,49c396bfca9112f28318784e854e9619bded1882930741dcf284365feea1b16e,381929,ui,INCLUDED
evidence/ui/a5152382-bfbb-4664-857a-6de43592f759.png,a5152382-bfbb-4664-857a-6de43592f759.png,16a3cf783303b599d69348e88278c7587e51ebdfb096a2e80e95a09f7567f9f0,295060,ui,INCLUDED
evidence/ui/a8b8db03-b3cd-47a4-87be-6d2e5adcb639.png,a8b8db03-b3cd-47a4-87be-6d2e5adcb639.png,93654978839f06f96dce9c858e76726248f5fc8a90c81ab8249291023219de0d,744336,ui,INCLUDED
evidence/ui/b490a145-b1f8-412f-bbe2-e24eb73c2316.png,b490a145-b1f8-412f-bbe2-e24eb73c2316.png,1330523df5d1e42540f2b1d6b9f0536da997a3d4b4cfe5f74606246945694115,409221,ui,INCLUDED
evidence/ui/c11a981a-b5dc-4af4-94fb-84ea7e103e06.png,c11a981a-b5dc-4af4-94fb-84ea7e103e06.png,36ff18f08abc88b56a881dc9f3902e4786cb57d69407d5caa84455edb5a3df4f,304934,ui,INCLUDED
evidence/ui/c2a71112-191e-4658-98d9-c13f7fe71be9.png,c2a71112-191e-4658-98d9-c13f7fe71be9.png,a43cd987b3b64daf469cb873ad481f09ace9c60a67edee2149246707a1324332,372734,ui,INCLUDED
evidence/ui/d55bbb6b-498e-47ae-9c9c-4d89ea988695.png,d55bbb6b-498e-47ae-9c9c-4d89ea988695.png,ab031bda1e809dad2a7577053c1175772764512a6de8a7594190027bbfac8f99,378403,ui,INCLUDED
evidence/ui/dbd5a968-3833-4b13-bd0e-5d64da3af520.png,dbd5a968-3833-4b13-bd0e-5d64da3af520.png,b1e7f5ca5940b9ead25517f7288021df4c4037aef3812589692a2cfa78cf716b,633401,ui,INCLUDED
evidence/ui/e459c7ef-c551-4071-aaeb-f3a3ad3f07d1.png,e459c7ef-c551-4071-aaeb-f3a3ad3f07d1.png,9ab1a07b29bc9e986faab51abf30355cbd0c600114aab733726888a215b80d30,472347,ui,INCLUDED
evidence/ui/ef4c872c-343e-4657-a50d-e0a1c0c81de4.png,ef4c872c-343e-4657-a50d-e0a1c0c81de4.png,e15fee5ce447198035a90ad1d1eb52392b4a0f31829ceb2cbde1eb0679c36988,471879,ui,INCLUDED
evidence/ui/ef4ce40a-dd57-49e3-8163-7e8823622516.png,ef4ce40a-dd57-49e3-8163-7e8823622516.png,1b95392eec571574c83599b41ab44589094cd366e909193d025aae3a6fbb687c,391058,ui,INCLUDED
evidence/ui/f2f7d565-1643-4d31-b815-e16baf259369.png,f2f7d565-1643-4d31-b815-e16baf259369.png,0a262033b504a9cd3e9b5a7d787445bf1eab35d7e2f9b154cec0138f92d79fea,422662,ui,INCLUDED
evidence/ui/f562d2fd-c2af-4b17-83e8-2f059207250c.png,f562d2fd-c2af-4b17-83e8-2f059207250c.png,0b272ca51cf4c4f3224f970fb4d480791f02925b816adfc30b3fa862bdf33623,438877,ui,INCLUDED
evidence/ui/f7462a48-26e2-4e36-a143-9fe385cca44e.png,f7462a48-26e2-4e36-a143-9fe385cca44e.png,d676650f2b97003ad4e1f27c664bc5494387adbb03f975c6499cadd97a05e3fb,423410,ui,INCLUDED
evidence/mapping-packs/historickú stopu N_STAMP 2.xlsx,historickú stopu N_STAMP 2.xlsx,c6ff53a4f0c2d9b4f917d64683e42d2436d32451b98643fbd48905286ebc2b45,9602,mapping-packs,INCLUDED
evidence/mapping-packs/historickú stopu N_STAMP.xlsx,historickú stopu N_STAMP.xlsx,e74f2d5b7450d8e6e83de8347e1e38f6ac5428538cd6fb0fd9aa7cc9604230c5,9191,mapping-packs,INCLUDED
evidence/mapping-packs/MP02-E — fyzické-logistické master atribúty(1).xlsx,MP02-E — fyzické-logistické master atribúty(1).xlsx,e516affa1c4b20f53886be1c787983ad9befbb3ade8c9c0a4540c343b36167af,9382,mapping-packs,INCLUDED
,PM-08A — physical model alergénov a poznámok(1).xlsx,3ecb1751174bffb87e7ee5483cd5b305e9d282319d9b91c26875b9cd227f406d,11412,mapping-packs,DUPLICATE_OF evidence/mapping-packs/PM-08A — physical model alergénov a poznámok.xlsx
,"PM-08B — constraints, indexy a triggery(1).xlsx",b4d098d4de41f91f16260fdabdcae7f19e5f5006e6ff156723c11310812f030d,11335,mapping-packs,"DUPLICATE_OF evidence/mapping-packs/PM-08B — constraints, indexy a triggery.xlsx"
,"PM-08C — source flow alergénov, poznámok a flags(1).xlsx",092850e232cd3c0fb661f1e30ea57a969ef2e477e1528ea50f330ea5431df7a9,49033,mapping-packs,"DUPLICATE_OF evidence/mapping-packs/PM-08C — source flow alergénov, poznámok a flags.xlsx"
,PM-08D — allergen-reference dictionary raw(1).xlsx,47f95ed9a5f6a2584ee5b6e1ad9a2eb423c7f00aa34f1c42d4d39fa6d818c6a8,10320,mapping-packs,DUPLICATE_OF evidence/mapping-packs/PM-08D — allergen-reference dictionary raw.xlsx
,PM-08E — SKU typed notes full population(1).xlsx,fa6bda432da1d26843d71fd6e8b241a290a4ecd0ac06e31b6a7cbc3a6c1c0065,149986,mapping-packs,DUPLICATE_OF evidence/mapping-packs/PM-08E — SKU typed notes full population.xlsx
,PM-08F — SKU flag position live profile(1).xlsx,9e6e0cf1de270c7084b1586121b83e89a9998db1837a7daa2a78ba0658a18d51,12464,mapping-packs,DUPLICATE_OF evidence/mapping-packs/PM-08F — SKU flag position live profile.xlsx
,PM-10F2 — replacement equivalence active members(1).xlsx,9bb4200269457e2fc1d2cc91d76230827e3f5b506086a6e4552c9fa0795689fd,25773,mapping-packs,DUPLICATE_OF evidence/mapping-packs/PM-10F2 — replacement equivalence active members.xlsx
