relative_path,source_name,logical_id,sha256,size_bytes,evidence_class,snapshot_date,status,notes
evidence/snapshots/obchodni-partneri/raw/01_OBJECT.xlsx,01_OBJECT.xlsx,01_OBJECT,af2f6c1921c09cc55cecf4c6d8307169345e315262753648eecab8d25547458a,9312,A,2026-09-17,INCLUDED,
evidence/snapshots/obchodni-partneri/raw/02_COLUMNS.xlsx,02_COLUMNS.xlsx,02_COLUMNS,3e114749a3504b9d3f73c78e932039f77fd94e800d411bb2ffdb2a2d799c64f6,17492,A,2026-09-17,INCLUDED,
evidence/snapshots/obchodni-partneri/raw/03_CONSTRAINTS.xlsx,03_CONSTRAINTS.xlsx,03_CONSTRAINTS,4953482346f177618ab904a9f3b9991bd3379adf89b6990937609ae90a88d7ff,15618,A,2026-09-17,INCLUDED,
evidence/snapshots/obchodni-partneri/raw/04_INDEXES.xlsx,04_INDEXES.xlsx,04_INDEXES,198422fca91d9d867d471bccc1e92c69637b016fb70f109bad88fc55cbc3883f,10596,A,2026-09-17,INCLUDED,
evidence/snapshots/obchodni-partneri/raw/06_TRIGGERS_ON_TABLE.xlsx,06_TRIGGERS_ON_TABLE.xlsx,06_TRIGGERS_ON_TABLE,14786f642056957fba08b9d9dcd4ec2516b446693b3b7f8b36189568fc783c29,9785,A,2026-09-17,INCLUDED,
evidence/snapshots/obchodni-partneri/raw/07_INBOUND_FOREIGN_KEYS.xlsx,07_INBOUND_FOREIGN_KEYS.xlsx,07_INBOUND_FOREIGN_KEYS,1e870ce8c075c5e7c5c2414cf21744d48bf2cdc6a56285af914620a1f32277d6,28008,A,2026-09-17,INCLUDED,
evidence/snapshots/obchodni-partneri/raw/08_DIRECT_DEPENDENCIES.xlsx,08_DIRECT_DEPENDENCIES.xlsx,08_DIRECT_DEPENDENCIES,fa3e4ad1d557cd5d2fe512cb5bb041d15798d33a901cdb9047817c3e16c590ee,19738,A,2026-09-17,INCLUDED,
evidence/snapshots/obchodni-partneri/raw/Grant-capability boundary.xlsx,Grant-capability boundary.xlsx,Grant-capability boundary,5070e135fdbd4b5c9ffe5bf3bda51a6ca7ead906bc89da0e8c6a4fffebde944e,10000,A,2026-09-17,INCLUDED,
evidence/snapshots/obchodni-partneri/raw/MP-02 - 01_POPULATION_IDENTITY.xlsx,MP-02 - 01_POPULATION_IDENTITY.xlsx,MP-02 - 01_POPULATION_IDENTITY,d996876043bf0e7fcaed65efb3f926b5a2741b3a50bbaac34bc65dcebc268009,9365,B,2026-09-17,INCLUDED,
evidence/snapshots/obchodni-partneri/raw/MP-02 - 02_IDENTITY_DUPLICATES.xlsx,MP-02 - 02_IDENTITY_DUPLICATES.xlsx,MP-02 - 02_IDENTITY_DUPLICATES,324a9692de6a3d3f142429d706c4823e91776ed9f63c85de0b7d722be70b594d,9274,B,2026-09-17,INCLUDED,
evidence/snapshots/obchodni-partneri/raw/MP-02 - 03_VALUE_DOMAINS.xlsx,MP-02 - 03_VALUE_DOMAINS.xlsx,MP-02 - 03_VALUE_DOMAINS,c4b3ba07cf045f7295f282c035eab1652d93e3d7f815c45c9e670d5f09554a5c,13589,B,2026-09-17,INCLUDED,
evidence/snapshots/obchodni-partneri/raw/MP-02 - 04_COMPLETENESS.xlsx,MP-02 - 04_COMPLETENESS.xlsx,MP-02 - 04_COMPLETENESS,6d19dddaf30b4a52f3b94af36c8c73348c110227b21166eedfa9cae17f232be2,9789,B,2026-09-17,INCLUDED,
evidence/snapshots/obchodni-partneri/raw/MP-02 - 05_DUPLICATE_CANDIDATES.xlsx,MP-02 - 05_DUPLICATE_CANDIDATES.xlsx,MP-02 - 05_DUPLICATE_CANDIDATES,dc7d9871c1db567ae42da58a7ebd377f065ed5e57c22105581567069f5e32734,9380,B,2026-09-17,INCLUDED,
evidence/snapshots/obchodni-partneri/raw/MP-02 - 06_DISABLED_FK_VALIDATION.xlsx,MP-02 - 06_DISABLED_FK_VALIDATION.xlsx,MP-02 - 06_DISABLED_FK_VALIDATION,64f4cfe6b31cb6151772c4fc764375f6016fadbfabd44c6284b2c13ba1e6d257,9319,B,2026-09-17,INCLUDED,
evidence/snapshots/obchodni-partneri/raw/MP-03 - 07_TRIGGER_SOURCE.xlsx,MP-03 - 07_TRIGGER_SOURCE.xlsx,MP-03 - 07_TRIGGER_SOURCE,8ab6441c05382fd73e608dd75de782a19c63a20545a8367f8582e22082b63b7c,16178,B2,2026-09-17,INCLUDED,
evidence/snapshots/obchodni-partneri/raw/MP-03 - 08_C_PARTNER_SOURCE.xlsx,MP-03 - 08_C_PARTNER_SOURCE.xlsx,MP-03 - 08_C_PARTNER_SOURCE,b90aeb81767e26a54eb718d2db5be1447660e09745d67bdc9c532c9edf29cb48,190186,B2,2026-09-17,INCLUDED,
evidence/snapshots/obchodni-partneri/raw/MP-03 - 09_OBCH_PARTNERI_SOURCE_CONTEXT.xlsx,MP-03 - 09_OBCH_PARTNERI_SOURCE_CONTEXT.xlsx,MP-03 - 09_OBCH_PARTNERI_SOURCE_CONTEXT,50bb57b8bf4e3382b6ffb0f41ad08bcd5317520a44cbed61cc6b7fa66ea6e743,671481,B2,2026-09-17,INCLUDED,
evidence/snapshots/obchodni-partneri/raw/MP-04 - 10_LIFECYCLE_CREDIT_PROFILE.xlsx,MP-04 - 10_LIFECYCLE_CREDIT_PROFILE.xlsx,MP-04 - 10_LIFECYCLE_CREDIT_PROFILE,d5a314ee0b50d9eb84c3b1ddf903efc4dbe0c7891f8c25fa03c8fb7cbe0d219e,9517,B,2026-09-17,INCLUDED,
evidence/snapshots/obchodni-partneri/raw/MP-04 - 11_SYSTEM_ROWS_AND_RID_PREFIX 2.xlsx,MP-04 - 11_SYSTEM_ROWS_AND_RID_PREFIX 2.xlsx,MP-04 - 11_SYSTEM_ROWS_AND_RID_PREFIX 2,f077ca3e5f5d37903491a6483813079a8752a72c13a0046d02b65be4a6aa8357,9294,B,2026-09-17,INCLUDED,
evidence/snapshots/obchodni-partneri/raw/MP-04 - 11_SYSTEM_ROWS_AND_RID_PREFIX.xlsx,MP-04 - 11_SYSTEM_ROWS_AND_RID_PREFIX.xlsx,MP-04 - 11_SYSTEM_ROWS_AND_RID_PREFIX,235f9d44a6e735179d46fe861f0859b93c01eab716a453e6635b85d65663557e,9606,B,2026-09-17,INCLUDED,
evidence/snapshots/obchodni-partneri/raw/MP-04 - 12_TEMPORAL_OBJECT_DISCOVERY 2.xlsx,MP-04 - 12_TEMPORAL_OBJECT_DISCOVERY 2.xlsx,MP-04 - 12_TEMPORAL_OBJECT_DISCOVERY 2,0087a2bdd006a2e44cd9a5c292124c0ba52f90aa8675704fd526a6bff26d54b3,17162,A,2026-09-17,INCLUDED,
evidence/snapshots/obchodni-partneri/raw/MP-04 - 12_TEMPORAL_OBJECT_DISCOVERY.xlsx,MP-04 - 12_TEMPORAL_OBJECT_DISCOVERY.xlsx,MP-04 - 12_TEMPORAL_OBJECT_DISCOVERY,8d419d82c1a26890a0090a937a3163a2e4e78c8ebece62108e1c3b8bd18b04be,9841,A,2026-09-17,INCLUDED,
evidence/snapshots/obchodni-partneri/raw/MP-04 - 13_TEMPORAL_SOURCE_CONTEXT.xlsx,MP-04 - 13_TEMPORAL_SOURCE_CONTEXT.xlsx,MP-04 - 13_TEMPORAL_SOURCE_CONTEXT,8b35f9a832d6cf912b8396d48b058770477e9948c3acd8552cc73b3a9caee241,43703,B2,2026-09-17,INCLUDED,
evidence/snapshots/obchodni-partneri/raw/MP-04 - 14_MUTATION_WRITER_CONTEXT.xlsx,MP-04 - 14_MUTATION_WRITER_CONTEXT.xlsx,MP-04 - 14_MUTATION_WRITER_CONTEXT,27e51b4145f9a85ab208a7bb1437212f8c482dafa22249626f00caffa9d5b632,71998,B2,2026-09-17,INCLUDED,
evidence/snapshots/obchodni-partneri/raw/MP-04 - 15_DERIVED_ROLE_AND_IDENTITY_SOURCE 2.xlsx,MP-04 - 15_DERIVED_ROLE_AND_IDENTITY_SOURCE 2.xlsx,MP-04 - 15_DERIVED_ROLE_AND_IDENTITY_SOURCE 2,dc05c5c442eec442d55a965fff6409193c77b9527a3c86413270b6b2b0200147,25715,B2,2026-09-17,INCLUDED,
evidence/snapshots/obchodni-partneri/raw/MP-04 - 15_DERIVED_ROLE_AND_IDENTITY_SOURCE.xlsx,MP-04 - 15_DERIVED_ROLE_AND_IDENTITY_SOURCE.xlsx,MP-04 - 15_DERIVED_ROLE_AND_IDENTITY_SOURCE,92a89dc2c45ad8c4ad129232e3d3151bb4bb0f2ece300706705d95febf33f603,10575,B2,2026-09-17,INCLUDED,
evidence/snapshots/obchodni-partneri/raw/MP-05 - 16_TEMPORAL_POPULATION 2.xlsx,MP-05 - 16_TEMPORAL_POPULATION 2.xlsx,MP-05 - 16_TEMPORAL_POPULATION 2,369729c7757b8973fff99eaaee6d04574807058220a82d79bf8b2d7771cd9fed,9322,B,2026-09-17,INCLUDED,
evidence/snapshots/obchodni-partneri/raw/MP-05 - 16_TEMPORAL_POPULATION.xlsx,MP-05 - 16_TEMPORAL_POPULATION.xlsx,MP-05 - 16_TEMPORAL_POPULATION,afa708eac4214f5d6b1656250961916ee92066fb14886d87213083f77464146f,9489,B,2026-09-17,INCLUDED,
evidence/snapshots/obchodni-partneri/raw/MP-05 - 17_ZALOH_PROFILE 2.xlsx,MP-05 - 17_ZALOH_PROFILE 2.xlsx,MP-05 - 17_ZALOH_PROFILE 2,b021fee8928abee56393bb6c59045511ff375713409449859d4e6061bf8ed9f9,9234,B,2026-09-17,INCLUDED,
evidence/snapshots/obchodni-partneri/raw/MP-05 - 17_ZALOH_PROFILE.xlsx,MP-05 - 17_ZALOH_PROFILE.xlsx,MP-05 - 17_ZALOH_PROFILE,40c123aed1e864c1adba87eed6967546b7091e5d7c3570ca3749a93177bd2112,9279,B,2026-09-17,INCLUDED,
evidence/snapshots/obchodni-partneri/raw/MP-05 - 18_REMAINING_FIELD_PROFILE.xlsx,MP-05 - 18_REMAINING_FIELD_PROFILE.xlsx,MP-05 - 18_REMAINING_FIELD_PROFILE,b48afb62e5349a13fc9a449a32ca4e112831a62a287b50dafd53bb67bc5235db,9584,B,2026-09-17,INCLUDED,
evidence/snapshots/obchodni-partneri/raw/MP-05 - 19_ENUM_LOOKUPS 2.xlsx,MP-05 - 19_ENUM_LOOKUPS 2.xlsx,MP-05 - 19_ENUM_LOOKUPS 2,27e2be957c275e348d24179529d4499bfbf006dd6201a1d1b16e5111454556a7,9848,B,2026-09-17,INCLUDED,
evidence/snapshots/obchodni-partneri/raw/MP-05 - 19_ENUM_LOOKUPS 3.xlsx,MP-05 - 19_ENUM_LOOKUPS 3.xlsx,MP-05 - 19_ENUM_LOOKUPS 3,c7e5bf80ee97985d8f08112ea95ac13b374825eb9c4fb31e9875c70054d27406,10096,B,2026-09-17,INCLUDED,
evidence/snapshots/obchodni-partneri/raw/MP-05 - 19_ENUM_LOOKUPS.xlsx,MP-05 - 19_ENUM_LOOKUPS.xlsx,MP-05 - 19_ENUM_LOOKUPS,5e67ea80c989c758675bb73d1e02dd3a2cd8afe2fe9ddd55a3bc70fdf828e27e,11037,B,2026-09-17,INCLUDED,
evidence/snapshots/obchodni-partneri/raw/MP-05 - 20_RETURN_MODE_SOURCE.xlsx,MP-05 - 20_RETURN_MODE_SOURCE.xlsx,MP-05 - 20_RETURN_MODE_SOURCE,a62a1aae10ab0add09ec957d98c68b215d3dc975d336f963908f8257b623493c,89143,B2,2026-09-17,INCLUDED,
evidence/snapshots/obchodni-partneri/raw/MP-05 - 21_NAKUPCA_JOIN_VALIDATION 2.xlsx,MP-05 - 21_NAKUPCA_JOIN_VALIDATION 2.xlsx,MP-05 - 21_NAKUPCA_JOIN_VALIDATION 2,5baeb0f0e10aeab8558e18f975199960f299faf6242711e32278422c44f0c924,10607,B,2026-09-17,INCLUDED,
evidence/snapshots/obchodni-partneri/raw/MP-05 - 21_NAKUPCA_JOIN_VALIDATION.xlsx,MP-05 - 21_NAKUPCA_JOIN_VALIDATION.xlsx,MP-05 - 21_NAKUPCA_JOIN_VALIDATION,7e8a3c107d1168ae62c3c7870cf76f45252caf44b08f443f418d900f3eb9eaf7,9273,B,2026-09-17,INCLUDED,
evidence/snapshots/obchodni-partneri/raw/MP-05 - 23_C_PARTNER_CALL_CONTEXT.xlsx,MP-05 - 23_C_PARTNER_CALL_CONTEXT.xlsx,MP-05 - 23_C_PARTNER_CALL_CONTEXT,54d52765fb200fdedac8b2c08312ef613a533649f3e04b7ec6c0493838cb97b6,931064,B2,2026-09-17,INCLUDED,
evidence/snapshots/obchodni-partneri/raw/MP-05 - 24_SYNONYM_BOUNDARY.xlsx,MP-05 - 24_SYNONYM_BOUNDARY.xlsx,MP-05 - 24_SYNONYM_BOUNDARY,e5e54b104c975c581337c687fe8650d84d2fe47082f1c974842b25901e140e4b,9258,B,2026-09-17,INCLUDED,
evidence/snapshots/obchodni-partneri/raw/MP-06 - 01_REFERENCE_COLUMNS(1).xlsx,MP-06 - 01_REFERENCE_COLUMNS(1).xlsx,MP-07_04_CORE_REFERENCE_VALUES,e70d36ff46db20641c0e20e354f607407c40d2dc3a2e1b184871be67f6b3c9ca,109335,A,2026-09-17,INCLUDED,Successful MP-07/04 export stored under misleading filename.
evidence/snapshots/obchodni-partneri/raw/MP-06 - 01_REFERENCE_COLUMNS.xlsx,MP-06 - 01_REFERENCE_COLUMNS.xlsx,MP-06 - 01_REFERENCE_COLUMNS,0cc60b603d117b5e0674b9dceecf4503876f9b35de8aa064a3bb144e3d814e49,70487,A,2026-09-17,INCLUDED,
evidence/snapshots/obchodni-partneri/raw/MP-06 - 02_REFERENCE_CONSTRAINTS.xlsx,MP-06 - 02_REFERENCE_CONSTRAINTS.xlsx,MP-06 - 02_REFERENCE_CONSTRAINTS,4b3fd879831ba549193c4fb1431292431e4645d58fe7de655a18833922c98bc0,53461,A,2026-09-17,INCLUDED,
evidence/snapshots/obchodni-partneri/raw/MP-06 - 03_REFERENCE_INDEXES.xlsx,MP-06 - 03_REFERENCE_INDEXES.xlsx,MP-06 - 03_REFERENCE_INDEXES,cd37aa414124960ac5dc60c82c7e3179977436411749fa3e3597edf2c3657c45,18613,A,2026-09-17,INCLUDED,
evidence/snapshots/obchodni-partneri/raw/MP-06 - 04_REFERENCE_TRIGGERS.xlsx,MP-06 - 04_REFERENCE_TRIGGERS.xlsx,MP-06 - 04_REFERENCE_TRIGGERS,87a5238022779c9048e5f54fb828f4711909e3b23566d7510d0b4596ee3aa568,12138,A,2026-09-17,INCLUDED,
evidence/snapshots/obchodni-partneri/raw/MP-06 - 05_SHARED_USAGE.xlsx,MP-06 - 05_SHARED_USAGE.xlsx,MP-06 - 05_SHARED_USAGE,733e9cc6a566a9f8956ecefb7dbebb0ea98275ba28699baabfc78e12dd3361d3,9871,B,2026-09-17,INCLUDED,
evidence/snapshots/obchodni-partneri/raw/MP-06 - 06_DEPENDENCY_SUMMARY.xlsx,MP-06 - 06_DEPENDENCY_SUMMARY.xlsx,MP-06 - 06_DEPENDENCY_SUMMARY,3cf866c37856b60cf5de7901eff1372d7e9bfcdb866df6aefa41b7372ed5ac29,11383,B,2026-09-17,INCLUDED,
evidence/snapshots/obchodni-partneri/raw/MP-07 - 02_REFERENCE_POPULATION.xlsx,MP-07 - 02_REFERENCE_POPULATION.xlsx,MP-07 - 02_REFERENCE_POPULATION,ec020dd54d6cce652fa2bb243e30964713c1b8007351a21c8beabbe8b3d449ba,9972,B,2026-09-17,INCLUDED,
evidence/snapshots/obchodni-partneri/raw/MP-07 - 03A_GEO_CONSISTENCY 2.xlsx,MP-07 - 03A_GEO_CONSISTENCY 2.xlsx,MP-07 - 03A_GEO_CONSISTENCY 2,0a7ace8c4df2514aa5f2e4f4aa5c891753535ef3e80ce1b80a49e041cbe77af7,55708,B,2026-09-17,INCLUDED,
evidence/snapshots/obchodni-partneri/raw/MP-07 - 03A_GEO_CONSISTENCY.xlsx,MP-07 - 03A_GEO_CONSISTENCY.xlsx,MP-07 - 03A_GEO_CONSISTENCY,ef8f9afb845cf901bbe7917fa82ed92a7691e21f181c3d86ebeb554652dafb3d,9324,B,2026-09-17,INCLUDED,
evidence/snapshots/obchodni-partneri/raw/MP-07 - 05_SATELLITE_CARDINALITY.xlsx,MP-07 - 05_SATELLITE_CARDINALITY.xlsx,MP-07 - 05_SATELLITE_CARDINALITY,bc0ef6d4442138658cb0cd389979adb905a0359d96f17d347445b101ee485643,9523,B,2026-09-17,INCLUDED,
evidence/snapshots/obchodni-partneri/raw/MP-07 - 06_PREFERRED_REFERENCE_OWNERSHIP.xlsx,MP-07 - 06_PREFERRED_REFERENCE_OWNERSHIP.xlsx,MP-07 - 06_PREFERRED_REFERENCE_OWNERSHIP,3de996864f8d93b3e1022eb5072689a957791abb291ea1849db86debff101f4d,9327,B,2026-09-17,INCLUDED,
evidence/snapshots/obchodni-partneri/raw/MP-08 - 01_REFERENCE_JOIN_QUALITY 2.xlsx,MP-08 - 01_REFERENCE_JOIN_QUALITY 2.xlsx,MP-08_02_PREF_BANK_MISMATCH_VALUES,4e8014aa88a7eb734a9ec7e70f0f42b87e4dfba8da912cb7aee98b84b43ab896,9373,B,2026-09-17,INCLUDED,
evidence/snapshots/obchodni-partneri/raw/MP-08 - 01_REFERENCE_JOIN_QUALITY.xlsx,MP-08 - 01_REFERENCE_JOIN_QUALITY.xlsx,MP-08 - 01_REFERENCE_JOIN_QUALITY,422fb7b1521e24d3b5b87d7dcdf9e1c359a5b73481f67e9093f6b0b193420e51,9914,B,2026-09-17,INCLUDED,
evidence/snapshots/obchodni-partneri/raw/MP-08 - 03_PREF_MD_MISMATCH.xlsx,MP-08 - 03_PREF_MD_MISMATCH.xlsx,MP-08 - 03_PREF_MD_MISMATCH,56f852448ed97f6677737cf7ecde172666e7b6ffe9af0c8ac3832930f7c140b3,11350,B,2026-09-17,INCLUDED,
evidence/snapshots/obchodni-partneri/raw/MP-08 - 04_TOP_SATELLITE_FANOUT 2.xlsx,MP-08 - 04_TOP_SATELLITE_FANOUT 2.xlsx,MP-08 - 04_TOP_SATELLITE_FANOUT 2,dd6015da68d09ea9e8676c91c17ecd8fcff95ade48e1abd6d9cac76c2b283259,10308,B,2026-09-17,INCLUDED,
evidence/snapshots/obchodni-partneri/raw/MP-08 - 04_TOP_SATELLITE_FANOUT 3.xlsx,MP-08 - 04_TOP_SATELLITE_FANOUT 3.xlsx,MP-08 - 04_TOP_SATELLITE_FANOUT 3,b6933fb887faecea0c9a1fc9d976a54b4e1f509a01ed8137c7b1681ac55f0659,10336,B,2026-09-17,INCLUDED,
evidence/snapshots/obchodni-partneri/raw/MP-08 - 04_TOP_SATELLITE_FANOUT.xlsx,MP-08 - 04_TOP_SATELLITE_FANOUT.xlsx,MP-08 - 04_TOP_SATELLITE_FANOUT,5b942fd32525f1b40792e281fdb7e8c5553443ce0cbb64523c1809f1ef82a055,10340,B,2026-09-17,INCLUDED,
evidence/snapshots/obchodni-partneri/raw/MP-09 - 01_SECOND_HOP_COLUMNS.xlsx,MP-09 - 01_SECOND_HOP_COLUMNS.xlsx,MP-09 - 01_SECOND_HOP_COLUMNS,62625629c90d48b6b5aae7c4b023f8d6787d6d2673c8413a37629816c21b9fb2,39328,A,2026-09-17,INCLUDED,
evidence/snapshots/obchodni-partneri/raw/MP-09 - 02_SECOND_HOP_CONSTRAINTS.xlsx,MP-09 - 02_SECOND_HOP_CONSTRAINTS.xlsx,MP-09 - 02_SECOND_HOP_CONSTRAINTS,7895df7a983c689fca85f836c75bd084ad4c2ceb81403d392399f406cbbb7895,29192,A,2026-09-17,INCLUDED,
evidence/snapshots/obchodni-partneri/raw/MP-09 - 03_PARTNER_REP_PROFILE.xlsx,MP-09 - 03_PARTNER_REP_PROFILE.xlsx,MP-09 - 03_PARTNER_REP_PROFILE,7ffe95d545b47023356afaf073a9ae139c33fca9c9043401b275cb3790b394f1,13447,B,2026-09-17,INCLUDED,
evidence/snapshots/obchodni-partneri/raw/MP-09 - 04_PARTNER_MD_DEALER_MAP.xlsx,MP-09 - 04_PARTNER_MD_DEALER_MAP.xlsx,MP-09 - 04_PARTNER_MD_DEALER_MAP,2d28935a725bcbf71825aa47967239efb148fa05c7045ea49bf713265d552300,265925,B,2026-09-17,INCLUDED,
evidence/snapshots/obchodni-partneri/raw/MP-09 - 05_REP_VS_DEALER_SUMMARY.xlsx,MP-09 - 05_REP_VS_DEALER_SUMMARY.xlsx,MP-09 - 05_REP_VS_DEALER_SUMMARY,0991d66be97d7c2aa34bd0904084d9e4f7d8aebaa8eb6eab2571bd72b4c9b05e,9356,B,2026-09-17,INCLUDED,
evidence/snapshots/obchodni-partneri/raw/MP-09 - 06_SOFT_ENUM_VALUES.xlsx,MP-09 - 06_SOFT_ENUM_VALUES.xlsx,MP-09 - 06_SOFT_ENUM_VALUES,a68bf1d92552b3fcfa299033a0854570aa26603785898ffb06fcde3f0f030d18,14068,B,2026-09-17,INCLUDED,
evidence/snapshots/obchodni-partneri/raw/MP-09 - 07_ASSIGNMENT_SOURCE_DISCOVERY.xlsx,MP-09 - 07_ASSIGNMENT_SOURCE_DISCOVERY.xlsx,MP-09 - 07_ASSIGNMENT_SOURCE_DISCOVERY,96a2b95c24c80e593a7f21d3197b3444afa3f6ac9b30ebd8edecf531518beeff,15237,B2,2026-09-17,INCLUDED,
evidence/snapshots/obchodni-partneri/raw/MP-10 - 01_SECOND_HOP_VALUES.xlsx,MP-10 - 01_SECOND_HOP_VALUES.xlsx,MP-10 - 01_SECOND_HOP_VALUES,c5288e6b5630b95154b718f9060ac732f712e7901f62c9aeaffa858ac52539f6,40597,B,2026-09-17,INCLUDED,
evidence/snapshots/obchodni-partneri/raw/MP-10 - 02_SECOND_HOP_JOIN_QUALITY.xlsx,MP-10 - 02_SECOND_HOP_JOIN_QUALITY.xlsx,MP-10 - 02_SECOND_HOP_JOIN_QUALITY,1de0d00605eb5db3c74ce02607a015336182505ebdc1d4e6fe09464dbaa6e309,9544,B,2026-09-17,INCLUDED,
evidence/snapshots/obchodni-partneri/raw/MP-10 - 03_USER_ASSIGNMENT_MAP.xlsx,MP-10 - 03_USER_ASSIGNMENT_MAP.xlsx,MP-10 - 03_USER_ASSIGNMENT_MAP,5eb027b0d801a3af7dc74ff98a634146dda07ee7291e2a1af82decfbe7243fc6,20370,B,2026-09-17,INCLUDED,
evidence/snapshots/obchodni-partneri/raw/MP-11 constrains.xlsx,MP-11 constrains.xlsx,MP-11 constrains,6fd068fc96d7b63fd1025fd7681829fbf69eeea946268e8ffacb656a14b49cd9,10471,A,2026-09-27,INCLUDED,
evidence/snapshots/obchodni-partneri/raw/MP-11.xlsx,MP-11.xlsx,MP-11,2c74ac4c8ed86f44d2e1171de219204c7ba2801037e2a242cae2267fe3f48176,10702,A,2026-09-27,INCLUDED,
evidence/snapshots/obchodni-partneri/raw/MP-12 dodacie podmienky.xlsx,MP-12 dodacie podmienky.xlsx,MP-12 dodacie podmienky,0a1b634be650050540cb64f0856f060a10f29102747314cfe4a57cc6e7256eb8,9436,A,2026-09-27,INCLUDED,
evidence/snapshots/obchodni-partneri/raw/MP-12A - 01_DOD_PODM_COLUMNS.xlsx,MP-12A - 01_DOD_PODM_COLUMNS.xlsx,MP-12A - 01_DOD_PODM_COLUMNS,d66079be566b620aacacc9dac4e568bcc8ec211fadf86d3dac5d534330e7da19,10116,A,2026-09-27,INCLUDED,
evidence/snapshots/obchodni-partneri/raw/MP-12A - 02_DOD_PODM_CONSTRAINTS.xlsx,MP-12A - 02_DOD_PODM_CONSTRAINTS.xlsx,MP-12A - 02_DOD_PODM_CONSTRAINTS,bf4c3f6daf030c702c8fa62321c24196f5dc9d967e228c2f800c9b765b2ee0c3,10071,A,2026-09-27,INCLUDED,
evidence/snapshots/obchodni-partneri/raw/MP-12A - 03_DOD_PODM_VALUES.xlsx,MP-12A - 03_DOD_PODM_VALUES.xlsx,MP-12A - 03_DOD_PODM_VALUES,8dfecc51a446d0d56b18c77bb9ccbd0db3bfb4823a17fcca6ffd75841746586e,10383,B,2026-09-27,INCLUDED,
evidence/snapshots/obchodni-partneri/raw/MP-12A - 04_DOD_PODM_USAGE.xlsx,MP-12A - 04_DOD_PODM_USAGE.xlsx,MP-12A - 04_DOD_PODM_USAGE,54e4e2fad8e1a12dda0f3d6124ab99e8aeda6c8e06292d7da234da03b6629a48,13700,B,2026-09-27,INCLUDED,
